{
  "r": 50,
  "x": 50,
  "y": 400,
  "vy": 105.5,
  "gravity": 1.5,
  "score": 107384,
  "fitness": 0,
  "brain": {
    "input_nodes": 4,
    "hidden_nodes": 4,
    "output_nodes": 1,
    "weights_ih": {
      "rows": 4,
      "cols": 4,
      "data": [
        [
          -0.5709385693085022,
          -0.5060257492204308,
          0.08025688252456312,
          0.605188810123186
        ],
        [
          0.08235990530330929,
          -0.9967767538063739,
          -0.5101961694542468,
          -0.8545552795774638
        ],
        [
          0.37417727841620374,
          -0.7168340121196292,
          0.2488621355198073,
          0.003272504019230932
        ],
        [
          -0.9069492545263272,
          0.3407726800749691,
          0.12901249829825528,
          0.32515991205817274
        ]
      ]
    },
    "weights_ho": {
      "rows": 1,
      "cols": 4,
      "data": [
        [
          0.5779385338217917,
          0.6087145037504285,
          -0.6089875194046392,
          -0.7283435745684238
        ]
      ]
    },
    "bias_h": {
      "rows": 4,
      "cols": 1,
      "data": [
        [
          -0.6230931404168931
        ],
        [
          0.6582917622752693
        ],
        [
          0.6054983433640304
        ],
        [
          -0.14752119546043652
        ]
      ]
    },
    "bias_o": {
      "rows": 1,
      "cols": 1,
      "data": [
        [
          0.3896334912049367
        ]
      ]
    },
    "learning_rate": 0.1,
    "activation_function": {}
  }
}
